real,user,sys
1,1,
0.728,0.516,0.000
0.732,0.641,0.016
0.781,0.750,0.000
0.823,0.813,0.000
0.936,0.922,0.016
0.933,0.938,0.000
0.965,0.719,0.016
0.831,0.813,0.000
0.855,0.828,0.000
0.857,0.844,0.000
1,10,
0.517,0.484,0.000
0.508,0.453,0.000
0.511,0.469,0.000
0.511,0.484,0.000
0.525,0.500,0.016
0.534,0.516,0.000
0.514,0.453,0.016
0.529,0.516,0.016
0.546,0.516,0.000
0.524,0.516,0.016
1,100,
0.502,0.484,0.016
0.480,0.469,0.016
0.494,0.469,0.016
0.494,0.484,0.000
0.518,0.500,0.000
0.492,0.484,0.000
0.498,0.469,0.000
0.483,0.453,0.000
0.492,0.484,0.000
0.493,0.469,0.000
1,1000,
0.490,0.469,0.000
0.487,0.469,0.000
0.473,0.469,0.016
0.487,0.469,0.000
0.487,0.469,0.000
0.493,0.484,0.000
0.496,0.469,0.000
0.475,0.453,0.000
0.473,0.453,0.000
0.489,0.469,0.000
1,10000,
0.475,0.453,0.000
0.472,0.453,0.000
0.488,0.469,0.000
0.474,0.453,0.016
0.490,0.484,0.000
0.473,0.453,0.000
0.472,0.453,0.000
0.495,0.469,0.000
0.492,0.453,0.000
0.473,0.453,0.000
1,100000,
0.476,0.438,0.000
0.493,0.469,0.000
0.491,0.469,0.000
0.472,0.438,0.000
0.477,0.438,0.000
0.490,0.484,0.000
0.473,0.453,0.000
0.476,0.453,0.000
0.473,0.453,0.000
0.474,0.453,0.000
1,1000000,
0.497,0.469,0.000
0.473,0.453,0.000
0.489,0.453,0.000
0.475,0.438,0.016
0.493,0.453,0.000
0.473,0.453,0.000
0.489,0.469,0.000
0.473,0.438,0.000
0.494,0.484,0.000
0.467,0.438,0.000
1,10000000,
0.497,0.469,0.000
0.474,0.453,0.000
0.487,0.453,0.016
0.474,0.453,0.016
0.503,0.469,0.016
0.474,0.453,0.000
0.474,0.453,0.000
0.473,0.453,0.000
0.476,0.422,0.000
0.475,0.453,0.000
1,100000000,
0.399,0.375,0.016
0.483,0.328,0.000
0.482,0.422,0.016
0.504,0.391,0.000
0.504,0.469,0.016
0.474,0.453,0.000
0.473,0.438,0.000
0.474,0.453,0.000
0.476,0.422,0.000
0.474,0.422,0.000
2,1,
1.509,1.828,1.047
1.400,1.703,0.875
1.473,1.688,1.219
1.496,1.672,1.234
1.479,1.578,1.281
1.387,1.625,0.922
1.530,1.781,1.203
1.522,1.828,1.172
1.538,1.891,0.953
1.397,1.594,1.016
2,10,
1.731,3.188,0.203
1.728,3.359,0.047
1.692,3.172,0.156
1.559,2.844,0.219
1.662,3.078,0.094
1.680,3.203,0.109
1.494,2.859,0.109
1.550,2.859,0.156
1.620,3.172,0.031
1.660,3.219,0.078
2,100,
1.571,3.016,0.000
1.771,3.453,0.000
1.591,3.078,0.000
1.520,2.969,0.000
1.777,3.422,0.000
1.687,3.281,0.000
1.748,3.438,0.000
1.787,3.484,0.000
1.450,2.797,0.031
1.515,2.922,0.016
2,1000,
1.640,3.156,0.000
1.723,3.391,0.000
1.205,2.266,0.000
1.586,3.000,0.016
1.256,2.438,0.016
1.686,3.281,0.016
1.545,2.938,0.000
1.606,3.156,0.000
1.764,3.453,0.016
1.600,3.125,0.000
2,10000,
1.671,3.281,0.000
1.766,3.391,0.000
1.779,3.438,0.000
1.734,3.438,0.000
1.757,3.391,0.016
1.540,2.984,0.016
1.690,3.297,0.000
1.677,3.266,0.000
1.689,3.313,0.016
1.655,3.266,0.000
2,100000,
1.632,3.203,0.000
1.670,3.219,0.000
1.769,3.469,0.000
1.804,3.547,0.000
1.696,3.297,0.000
1.515,2.906,0.000
1.678,3.281,0.000
1.472,2.859,0.016
1.628,3.172,0.016
1.676,3.313,0.016
2,1000000,
1.522,2.953,0.016
1.725,3.375,0.000
1.728,3.344,0.000
1.468,2.828,0.000
1.775,3.453,0.016
1.407,2.719,0.000
1.703,3.328,0.000
1.590,3.078,0.016
1.761,3.422,0.000
1.678,3.266,0.016
2,10000000,
1.645,3.188,0.000
1.657,3.219,0.000
1.820,3.594,0.000
1.725,3.375,0.000
1.622,3.156,0.016
1.696,3.313,0.000
1.740,3.313,0.000
1.391,2.594,0.000
1.711,3.250,0.000
1.709,3.344,0.000
2,100000000,
1.812,3.563,0.000
1.767,3.359,0.000
1.732,3.406,0.000
1.606,3.188,0.000
1.773,3.484,0.016
1.627,3.188,0.000
1.684,3.328,0.000
1.700,3.375,0.000
1.727,3.359,0.000
1.624,3.188,0.016
3,1,
1.916,2.719,2.625
1.896,2.984,2.266
1.962,2.813,2.844
1.956,2.641,3.063
1.881,2.594,2.234
1.933,2.719,2.969
2.016,2.953,2.953
1.979,3.016,2.703
1.940,2.953,2.750
2.047,3.125,2.688
3,10,
1.850,5.109,0.063
1.703,4.422,0.219
1.762,4.719,0.156
1.800,4.766,0.281
1.808,4.938,0.156
1.805,4.984,0.109
1.763,4.672,0.172
1.738,4.672,0.219
1.670,4.422,0.109
1.826,4.969,0.219
3,100,
1.855,5.125,0.000
1.763,4.625,0.000
1.807,4.828,0.016
1.900,5.172,0.000
1.876,5.188,0.000
1.807,4.672,0.016
1.584,4.219,0.000
1.815,5.109,0.000
1.895,5.250,0.000
1.699,4.828,0.000
3,1000,
1.903,5.188,0.000
1.836,5.031,0.016
1.886,5.109,0.016
1.846,4.969,0.000
1.904,5.172,0.000
1.911,5.313,0.016
1.845,5.125,0.000
1.834,5.063,0.016
1.804,4.734,0.000
1.791,4.656,0.000
3,10000,
1.873,5.156,0.000
1.823,4.781,0.000
1.869,5.141,0.016
1.783,4.906,0.000
1.846,5.156,0.000
1.890,5.250,0.000
1.877,4.891,0.016
1.829,4.906,0.000
1.930,5.266,0.000
1.889,5.219,0.000
3,100000,
1.958,5.375,0.016
1.841,4.938,0.016
1.899,5.109,0.000
1.777,5.000,0.000
1.799,5.000,0.000
1.862,4.781,0.000
1.738,4.734,0.000
1.858,5.078,0.000
1.924,5.328,0.000
1.855,5.094,0.000
3,1000000,
1.937,5.359,0.000
1.858,5.063,0.000
1.814,4.688,0.000
1.926,5.250,0.000
1.834,5.063,0.000
1.896,5.188,0.000
1.785,4.922,0.000
1.902,5.094,0.000
1.938,5.328,0.031
1.796,4.891,0.000
3,10000000,
1.834,5.109,0.000
1.881,5.156,0.000
1.857,5.094,0.031
1.876,5.125,0.000
1.890,5.234,0.000
1.818,5.016,0.000
1.860,5.031,0.000
1.791,5.016,0.000
1.919,5.266,0.000
1.853,5.141,0.000
3,100000000,
1.886,5.141,0.000
1.801,5.016,0.000
1.785,4.844,0.016
1.917,5.219,0.016
1.800,4.641,0.000
1.793,4.938,0.000
1.905,5.328,0.000
1.745,4.688,0.016
1.801,4.688,0.000
1.908,5.250,0.016
4,1,
2.030,3.313,4.125
2.059,3.141,4.797
2.103,3.563,4.266
2.035,3.047,4.688
2.126,3.266,4.750
2.081,3.203,4.656
2.023,3.234,4.578
2.076,3.297,4.313
2.073,3.641,4.078
2.095,3.250,4.844
4,10,
1.649,5.500,0.484
1.600,5.516,0.281
1.589,5.375,0.359
1.672,5.891,0.188
1.637,5.594,0.281
1.628,5.609,0.297
1.655,5.734,0.313
1.746,6.000,0.281
1.677,5.563,0.453
1.609,5.531,0.406
4,100,
1.543,5.422,0.016
1.578,5.484,0.016
1.483,5.047,0.000
1.593,5.516,0.031
1.598,5.609,0.000
1.621,5.625,0.000
1.599,5.547,0.016
1.611,5.703,0.000
1.606,5.688,0.000
1.579,5.438,0.031
4,1000,
1.535,5.234,0.016
1.583,5.594,0.000
1.629,5.688,0.000
1.611,5.594,0.000
1.580,5.531,0.016
1.661,5.828,0.016
1.512,5.391,0.000
1.647,5.703,0.000
1.621,5.656,0.000
1.589,5.578,0.000
4,10000,
1.640,5.703,0.016
1.401,5.078,0.000
1.516,5.266,0.000
1.598,5.703,0.000
1.615,5.656,0.000
1.573,5.547,0.000
1.493,5.078,0.016
1.525,5.328,0.016
1.535,5.328,0.016
1.570,5.453,0.000
4,100000,
1.592,5.453,0.016
1.560,5.406,0.000
1.540,5.500,0.000
1.664,5.828,0.000
1.628,5.672,0.016
1.553,5.375,0.000
1.618,5.641,0.016
1.543,5.469,0.000
1.639,5.766,0.000
1.523,5.328,0.000
4,1000000,
1.611,5.641,0.000
1.589,5.531,0.000
1.579,5.500,0.000
1.562,5.578,0.000
1.597,5.594,0.031
1.608,5.594,0.000
1.519,5.328,0.016
1.436,4.922,0.000
1.591,5.516,0.016
1.600,5.625,0.000
4,10000000,
1.668,5.766,0.000
1.534,5.391,0.000
1.561,5.422,0.016
1.578,5.516,0.000
1.601,5.578,0.000
1.613,5.547,0.000
1.583,5.516,0.000
1.647,5.766,0.016
1.536,5.313,0.016
1.439,5.188,0.000
4,100000000,
1.573,5.500,0.016
1.594,5.469,0.000
1.601,5.563,0.000
1.574,5.656,0.000
1.586,5.625,0.000
1.585,5.500,0.000
1.620,5.625,0.000
1.575,5.531,0.000
1.584,5.500,0.016
1.618,5.656,0.016
5,1,
2.426,4.328,6.609
2.389,4.359,6.578
2.402,4.281,6.438
2.455,4.469,6.703
2.462,4.547,6.500
2.337,3.875,6.188
2.378,3.797,6.984
2.195,3.406,6.141
2.398,4.344,6.719
2.475,4.172,7.047
5,10,
1.528,6.781,0.453
1.484,6.656,0.453
1.457,6.656,0.250
1.502,6.672,0.438
1.497,6.406,0.719
1.509,6.484,0.563
1.457,6.500,0.406
1.479,6.469,0.625
1.482,6.547,0.469
1.476,6.344,0.609
5,100,
1.332,6.109,0.000
1.358,6.203,0.000
1.359,6.344,0.016
1.473,6.672,0.016
1.454,6.859,0.016
1.423,6.500,0.000
1.290,6.016,0.016
1.387,6.375,0.000
1.252,5.984,0.000
1.288,6.016,0.000
5,1000,
1.409,6.516,0.031
1.350,6.188,0.000
1.251,5.594,0.016
1.296,5.969,0.000
1.341,6.172,0.000
1.355,6.172,0.016
1.205,5.313,0.094
1.292,5.781,0.000
1.297,5.766,0.000
1.146,5.063,0.000
5,10000,
1.370,6.328,0.000
1.357,6.422,0.000
1.416,6.516,0.000
1.416,6.547,0.000
1.367,6.313,0.000
1.363,6.188,0.000
1.355,6.188,0.000
1.412,6.641,0.000
1.344,6.297,0.000
1.412,6.609,0.016
5,100000,
1.313,6.094,0.016
1.334,6.250,0.000
1.317,6.156,0.000
1.420,6.609,0.000
1.323,6.203,0.000
1.401,6.469,0.016
1.387,6.313,0.016
1.435,6.625,0.000
1.356,6.281,0.016
1.391,6.313,0.016
5,1000000,
1.374,6.203,0.016
1.353,6.281,0.016
1.371,6.422,0.016
1.396,6.516,0.000
1.426,6.734,0.000
1.352,6.188,0.016
1.487,6.797,0.000
1.421,6.609,0.000
1.427,6.391,0.000
1.393,6.453,0.000
5,10000000,
1.271,5.828,0.000
1.324,6.203,0.000
1.346,6.313,0.000
1.391,6.484,0.000
1.402,6.484,0.000
1.377,6.453,0.000
1.438,6.641,0.016
1.429,6.609,0.000
1.376,6.266,0.000
1.401,6.609,0.000
5,100000000,
1.307,6.031,0.031
1.317,6.109,0.000
1.413,6.453,0.000
1.360,6.500,0.000
1.327,6.219,0.016
1.312,6.188,0.000
1.353,6.219,0.016
1.371,6.547,0.000
1.360,6.375,0.016
1.434,6.719,0.016
6,1,
2.577,5.031,8.844
2.582,4.422,9.531
2.605,4.859,9.281
2.626,4.891,9.531
2.596,4.672,9.438
2.594,4.453,9.469
2.613,5.063,9.188
2.691,4.688,10.031
2.496,4.469,8.953
2.674,5.281,9.281
6,10,
1.318,6.750,0.625
1.318,6.891,0.547
1.362,6.938,0.719
0.868,3.984,0.734
0.780,3.844,0.406
1.098,4.984,0.609
1.355,6.828,0.719
1.435,7.391,0.766
1.310,6.297,0.953
1.314,6.625,0.688
6,100,
1.160,6.516,0.031
1.159,6.531,0.000
1.245,6.969,0.016
1.227,6.719,0.000
1.219,6.859,0.016
1.192,6.438,0.047
1.170,6.438,0.031
1.208,6.641,0.000
1.213,6.641,0.031
1.240,6.969,0.000
6,1000,
1.188,6.563,0.000
1.243,6.922,0.000
1.188,6.672,0.000
1.200,6.781,0.000
1.140,6.391,0.000
1.251,7.047,0.000
1.221,6.813,0.000
1.125,6.297,0.000
1.270,7.078,0.016
1.162,6.625,0.000
6,10000,
1.227,6.828,0.000
1.284,7.172,0.000
1.229,6.969,0.000
1.197,6.750,0.000
1.264,7.078,0.000
1.277,7.156,0.000
1.207,6.891,0.000
1.214,6.781,0.016
1.293,7.219,0.016
1.133,6.469,0.000
6,100000,
1.185,6.719,0.000
1.250,6.953,0.016
1.083,6.141,0.000
1.148,6.266,0.047
1.118,6.297,0.000
1.245,6.813,0.000
1.184,6.797,0.000
1.181,6.688,0.000
1.196,6.781,0.000
1.201,6.734,0.000
6,1000000,
1.176,6.516,0.016
1.194,6.734,0.016
1.157,6.703,0.000
1.220,6.969,0.000
1.217,6.813,0.000
1.226,6.922,0.000
1.228,6.859,0.000
1.262,7.125,0.000
1.229,6.875,0.000
1.144,6.422,0.000
6,10000000,
1.209,6.703,0.016
1.290,7.234,0.016
1.206,6.625,0.016
1.197,6.828,0.000
1.262,7.172,0.000
1.267,7.078,0.000
1.272,7.234,0.000
1.257,7.000,0.000
1.263,6.984,0.016
1.301,7.234,0.000
6,100000000,
1.119,6.281,0.000
1.093,6.250,0.000
1.208,6.969,0.016
1.243,6.797,0.016
1.159,6.531,0.000
1.240,7.063,0.000
1.075,5.953,0.000
1.234,6.844,0.031
1.190,6.828,0.000
1.188,6.625,0.000
7,1,
2.869,5.828,12.578
2.938,5.813,13.094
2.937,5.563,13.547
2.902,5.453,13.344
2.876,6.031,12.969
2.917,5.813,13.094
2.869,5.328,13.125
2.824,5.125,13.094
2.928,5.734,13.063
2.941,5.656,13.281
7,10,
1.188,6.781,0.922
1.281,7.734,0.734
1.213,7.000,0.922
1.193,6.875,0.875
1.204,6.672,1.234
1.256,7.219,1.078
1.154,5.906,1.141
1.190,6.875,0.859
1.198,6.766,1.078
1.193,6.734,1.063
7,100,
1.126,7.141,0.047
1.103,7.031,0.047
1.099,6.906,0.078
0.977,6.125,0.047
1.038,6.453,0.125
1.084,6.969,0.016
0.939,5.938,0.047
1.116,7.109,0.000
1.107,7.047,0.016
1.055,6.703,0.016
7,1000,
0.982,5.922,0.172
1.073,6.922,0.063
1.054,6.625,0.109
1.077,6.938,0.109
1.105,7.078,0.078
1.005,6.438,0.156
1.004,6.344,0.172
1.023,6.422,0.141
1.032,6.438,0.172
0.986,6.359,0.016
7,10000,
1.036,6.703,0.000
1.048,6.641,0.000
1.049,6.984,0.000
1.006,6.484,0.000
1.158,7.328,0.000
1.053,6.766,0.000
1.015,6.547,0.000
1.100,7.141,0.016
1.091,6.969,0.016
1.085,7.016,0.016
7,100000,
1.040,6.578,0.016
1.061,6.734,0.016
1.043,6.797,0.000
1.078,6.938,0.016
1.092,6.922,0.016
1.007,6.359,0.047
1.004,6.422,0.016
1.049,6.828,0.016
1.041,6.859,0.000
1.038,6.750,0.000
7,1000000,
1.060,6.906,0.000
1.104,7.156,0.000
1.105,7.016,0.000
1.057,6.750,0.000
1.101,7.109,0.016
1.109,7.188,0.000
1.106,7.109,0.000
1.107,7.000,0.000
1.072,6.781,0.016
1.046,6.828,0.031
7,10000000,
1.130,7.141,0.000
1.060,6.813,0.000
1.115,7.188,0.000
1.018,6.594,0.000
1.078,7.000,0.000
1.061,6.797,0.016
1.118,7.172,0.047
1.050,6.875,0.000
1.088,6.891,0.016
1.094,6.969,0.031
7,100000000,
1.098,7.047,0.016
1.039,6.750,0.000
1.150,7.438,0.000
1.078,6.906,0.000
1.050,6.828,0.000
1.101,7.125,0.000
1.074,6.953,0.031
1.026,6.469,0.000
1.139,7.234,0.000
1.074,7.031,0.000
8,1,
3.121,6.109,17.734
2.987,6.172,16.484
3.058,5.969,17.438
3.079,5.906,17.422
3.145,6.250,17.563
3.142,6.078,17.734
3.145,6.281,17.656
3.077,6.281,17.297
3.096,6.328,17.141
3.003,6.297,16.156
8,10,
1.071,5.672,1.375
1.042,5.734,1.500
1.089,6.344,1.328
1.091,6.734,1.109
1.103,6.219,1.547
1.094,6.359,1.484
1.086,6.094,1.438
1.085,6.578,0.938
1.093,6.547,1.094
1.167,6.656,1.375
8,100,
0.964,6.625,0.016
1.036,7.344,0.063
0.970,7.141,0.031
1.010,7.281,0.016
0.967,7.000,0.031
1.028,7.469,0.016
0.976,7.094,0.000
1.034,7.641,0.000
1.031,7.641,0.000
0.961,6.922,0.016
8,1000,
1.013,7.297,0.000
1.061,7.891,0.000
1.032,7.672,0.000
0.960,6.813,0.031
0.977,7.141,0.000
0.869,5.391,0.125
0.961,7.016,0.000
0.916,6.672,0.031
1.041,7.422,0.000
1.005,7.344,0.000
8,10000,
1.066,7.859,0.016
0.989,7.344,0.000
0.979,7.078,0.031
1.060,7.563,0.031
1.057,7.813,0.031
1.052,7.781,0.000
0.971,7.000,0.016
1.077,7.703,0.016
1.050,7.625,0.016
1.014,7.484,0.031
8,100000,
0.996,7.313,0.000
1.014,7.344,0.016
1.049,7.813,0.016
0.949,6.938,0.016
0.941,6.984,0.047
0.945,6.641,0.000
0.988,7.281,0.000
0.976,7.141,0.016
1.046,7.625,0.016
0.973,7.188,0.016
8,1000000,
1.031,7.625,0.016
0.988,7.344,0.000
1.061,7.734,0.016
0.991,7.344,0.000
1.009,7.266,0.016
1.001,7.359,0.000
1.013,7.281,0.000
1.001,7.313,0.016
0.944,6.969,0.000
1.000,7.281,0.016
8,10000000,
0.995,7.359,0.016
0.987,7.266,0.000
1.018,7.531,0.000
1.015,7.375,0.031
1.061,7.875,0.000
1.056,7.844,0.000
1.085,7.859,0.000
0.951,6.859,0.000
0.985,7.109,0.000
0.995,7.266,0.000
8,100000000,
1.039,7.391,0.016
1.026,7.484,0.016
0.999,7.297,0.000
1.020,7.563,0.016
0.982,7.156,0.031
1.009,7.453,0.000
1.027,7.641,0.000
1.081,7.906,0.016
0.982,7.141,0.000
0.971,7.156,0.000
9,1,
3.008,6.297,16.438
3.075,5.484,18.234
2.987,6.094,16.719
3.118,6.281,17.625
3.045,5.641,17.563
3.108,6.359,17.172
3.050,5.969,16.891
2.872,5.516,15.172
2.875,5.578,15.859
2.783,5.391,14.375
9,10,
1.091,6.547,1.516
1.030,6.047,1.406
1.100,6.578,1.516
1.079,5.953,1.797
1.093,6.578,1.391
1.108,6.953,1.250
1.089,6.891,1.344
1.029,6.125,1.516
1.083,6.625,1.406
1.022,5.859,1.734
9,100,
0.906,6.469,0.016
1.030,7.094,0.016
0.849,6.234,0.016
0.848,5.984,0.016
0.891,6.453,0.000
0.952,6.953,0.000
0.956,6.875,0.047
0.960,6.922,0.000
0.986,7.250,0.016
0.899,6.281,0.000
9,1000,
0.965,6.797,0.016
0.861,6.359,0.016
1.014,6.953,0.031
0.884,6.500,0.000
0.940,6.734,0.016
0.902,6.703,0.000
0.920,6.578,0.000
0.976,7.000,0.016
0.996,7.344,0.000
0.971,6.875,0.000
9,10000,
0.931,6.484,0.000
0.867,6.438,0.000
0.959,7.031,0.016
0.954,7.141,0.016
0.954,6.875,0.000
0.874,6.375,0.000
0.988,7.078,0.016
0.967,7.094,0.000
0.877,6.375,0.000
0.940,6.766,0.000
9,100000,
0.954,6.953,0.016
0.891,6.438,0.000
0.837,6.063,0.000
0.998,7.016,0.000
0.849,6.031,0.000
0.919,6.578,0.031
0.964,6.641,0.000
1.023,7.141,0.000
0.854,6.172,0.000
0.980,7.063,0.016
9,1000000,
0.883,6.281,0.000
1.028,7.359,0.016
0.998,7.297,0.016
0.954,6.813,0.000
0.883,6.469,0.000
1.005,7.266,0.000
0.852,6.297,0.016
0.991,7.375,0.000
0.900,6.359,0.000
0.972,7.016,0.000
9,10000000,
0.991,7.109,0.000
0.948,6.594,0.000
0.999,7.359,0.000
0.875,6.094,0.000
0.906,6.250,0.016
0.891,6.250,0.000
0.930,6.734,0.000
0.886,6.406,0.000
1.015,7.188,0.000
0.934,6.969,0.016
9,100000000,
0.936,6.828,0.000
0.920,6.750,0.000
0.950,7.250,0.000
0.893,6.641,0.016
1.007,7.063,0.016
0.968,7.125,0.000
0.944,7.016,0.000
0.984,7.016,0.016
0.919,6.641,0.016
0.914,6.516,0.000
10,1,
3.086,6.250,17.328
3.087,6.469,17.375
3.166,5.641,18.828
3.049,5.609,17.906
3.083,5.953,17.813
3.133,6.297,18.391
3.072,6.016,17.703
3.123,6.250,18.094
2.992,5.984,17.188
3.102,5.953,18.297
10,10,
1.110,6.719,1.453
1.014,6.313,1.469
1.029,6.406,1.313
1.043,6.313,1.594
1.040,5.969,1.594
1.011,6.063,1.672
1.035,6.422,1.281
1.030,6.188,1.609
1.025,6.047,1.625
1.090,6.547,1.641
10,100,
0.911,6.375,0.031
0.905,6.656,0.000
0.899,6.594,0.031
0.939,6.797,0.016
0.855,6.219,0.016
0.906,6.594,0.000
0.858,5.969,0.016
0.981,7.000,0.031
0.955,7.078,0.016
0.910,6.656,0.016
10,1000,
0.924,6.797,0.000
1.007,6.781,0.000
0.933,6.703,0.000
0.946,6.750,0.000
1.007,7.250,0.000
0.938,6.688,0.000
0.914,6.500,0.016
0.884,6.219,0.000
0.911,6.781,0.016
0.898,6.391,0.031
10,10000,
0.921,6.750,0.000
0.942,6.563,0.016
0.923,6.766,0.016
0.927,6.641,0.000
0.838,6.250,0.000
0.972,6.766,0.016
0.962,6.922,0.000
0.947,6.906,0.016
0.851,6.094,0.000
0.921,6.906,0.000
10,100000,
0.879,6.375,0.000
0.983,6.828,0.016
0.937,6.797,0.000
0.917,6.781,0.016
0.846,6.016,0.000
0.885,6.641,0.000
0.911,6.688,0.000
0.875,6.469,0.000
0.874,5.953,0.000
0.960,7.063,0.000
10,1000000,
0.897,6.469,0.000
0.938,6.984,0.016
0.915,6.453,0.016
0.888,6.234,0.016
0.858,6.250,0.016
0.858,6.219,0.000
0.936,6.750,0.000
0.951,6.703,0.000
0.930,6.859,0.016
0.973,6.859,0.016
10,10000000,
0.846,5.953,0.016
0.940,6.875,0.000
0.925,6.703,0.000
0.919,6.703,0.047
0.866,6.500,0.000
0.900,6.516,0.016
0.936,6.891,0.000
0.875,6.500,0.000
0.954,6.953,0.000
0.904,6.781,0.000
10,100000000,
0.932,6.656,0.000
0.951,7.063,0.000
0.981,6.797,0.000
0.946,6.953,0.016
0.872,6.484,0.000
0.908,6.719,0.000
0.959,6.969,0.000
0.887,6.766,0.000
0.878,6.609,0.000
0.955,6.984,0.000
20,1,
3.036,5.750,18.078
3.035,6.078,17.891
3.069,5.813,18.281
2.968,6.266,17.172
3.102,6.203,18.156
3.048,6.000,18.063
3.047,5.938,18.047
3.001,6.203,17.422
3.046,5.844,18.109
3.051,5.594,18.375
20,10,
0.832,4.453,1.891
0.770,4.047,1.688
0.787,3.750,2.313
0.787,4.219,1.813
0.565,2.844,1.156
0.486,2.438,0.813
0.489,2.422,0.734
0.544,2.313,1.203
0.705,2.922,1.656
0.779,4.328,1.688
20,100,
0.646,4.797,0.016
0.684,5.141,0.031
0.658,4.734,0.063
0.630,4.516,0.031
0.620,4.594,0.031
0.641,4.656,0.031
0.650,4.875,0.047
0.660,4.828,0.047
0.622,4.563,0.031
0.663,4.734,0.063
20,1000,
0.642,4.750,0.016
0.631,4.734,0.016
0.703,5.281,0.000
0.622,4.531,0.000
0.651,4.609,0.047
0.649,4.922,0.016
0.617,4.531,0.031
0.679,5.125,0.016
0.632,4.766,0.000
0.666,4.984,0.000
20,10000,
0.734,5.500,0.000
0.691,5.188,0.016
0.571,4.156,0.000
0.640,4.766,0.000
0.652,4.906,0.000
0.680,5.031,0.016
0.641,4.828,0.016
0.683,5.109,0.016
0.619,4.516,0.000
0.625,4.547,0.000
20,100000,
0.722,5.406,0.000
0.621,4.531,0.016
0.690,5.063,0.000
0.672,5.063,0.016
0.648,4.625,0.031
0.630,4.766,0.000
0.699,5.297,0.031
0.643,4.750,0.031
0.643,4.766,0.000
0.626,4.672,0.031
20,1000000,
0.737,5.313,0.031
0.639,4.672,0.000
0.673,4.938,0.031
0.618,4.578,0.016
0.694,5.125,0.000
0.607,4.516,0.031
0.616,4.672,0.000
0.672,5.109,0.000
0.702,5.203,0.047
0.686,5.141,0.016
20,10000000,
0.737,5.625,0.000
0.616,4.656,0.016
0.663,5.016,0.016
0.632,4.656,0.000
0.623,4.641,0.016
0.651,4.906,0.000
0.685,5.063,0.000
0.602,4.469,0.000
0.668,4.938,0.000
0.651,4.594,0.016
20,100000000,
0.623,4.594,0.016
0.727,5.469,0.000
0.618,4.563,0.000
0.667,4.984,0.031
0.588,4.313,0.016
0.629,4.594,0.031
0.608,4.547,0.016
0.631,4.781,0.000
0.597,4.344,0.031
0.620,4.516,0.016
30,1,
3.140,6.078,18.563
3.020,5.656,17.844
3.069,6.578,17.688
2.992,6.219,17.219
2.990,5.563,17.828
3.001,5.891,17.500
3.042,6.563,17.406
2.992,5.984,17.578
3.009,5.938,17.547
3.004,5.422,18.188
30,10,
0.779,3.766,2.250
0.738,3.625,2.016
0.739,3.594,2.156
0.731,3.672,2.000
0.728,3.469,2.094
0.733,3.859,1.766
0.744,3.578,2.203
0.729,3.750,1.797
0.730,3.891,1.781
0.701,3.297,1.844
30,100,
0.689,5.219,0.000
0.639,4.844,0.016
0.639,4.875,0.016
0.616,4.594,0.016
0.563,4.078,0.047
0.693,5.297,0.000
0.647,4.953,0.000
0.637,4.844,0.016
0.699,5.313,0.078
0.641,4.813,0.047
30,1000,
0.653,4.828,0.000
0.654,4.969,0.000
0.678,5.203,0.016
0.649,4.859,0.016
0.690,5.313,0.063
0.702,5.328,0.031
0.688,5.297,0.063
0.630,4.781,0.016
0.634,4.734,0.063
0.653,4.906,0.031
30,10000,
0.644,4.813,0.063
0.628,4.703,0.031
0.656,5.063,0.000
0.678,5.203,0.047
0.570,4.156,0.047
0.674,5.172,0.031
0.678,5.094,0.047
0.600,4.594,0.031
0.643,4.938,0.016
0.614,4.609,0.031
30,100000,
0.653,4.938,0.047
0.697,5.156,0.047
0.655,5.000,0.016
0.629,4.641,0.000
0.625,4.750,0.031
0.612,4.516,0.063
0.624,4.797,0.031
0.556,4.172,0.031
0.641,4.797,0.078
0.727,5.531,0.063
30,1000000,
0.681,5.203,0.031
0.679,5.313,0.031
0.693,5.344,0.063
0.689,5.219,0.047
0.637,4.797,0.078
0.682,5.219,0.031
0.661,5.031,0.063
0.687,5.203,0.031
0.637,4.688,0.047
0.642,4.859,0.031
30,10000000,
0.680,5.141,0.031
0.595,4.328,0.047
0.653,4.984,0.016
0.668,5.078,0.031
0.677,5.109,0.063
0.681,5.141,0.047
0.568,4.156,0.016
0.646,4.891,0.016
0.590,4.281,0.016
0.678,4.813,0.063
30,100000000,
0.720,5.344,0.047
0.624,4.547,0.016
0.693,5.219,0.031
0.651,4.953,0.047
0.704,5.203,0.078
0.644,4.859,0.031
0.661,5.063,0.000
0.659,4.875,0.031
0.688,5.219,0.063
0.626,4.813,0.000
40,1,
2.922,5.609,17.094
2.847,5.641,16.672
2.968,5.703,17.844
2.884,5.938,16.828
2.976,6.422,16.938
2.921,5.500,17.609
2.879,5.781,16.859
2.920,6.359,16.719
2.979,5.672,17.797
2.870,5.656,16.922
40,10,
0.721,3.094,2.313
0.679,3.094,2.109
0.670,3.281,1.906
0.676,3.469,1.734
0.672,2.938,2.234
0.677,3.094,2.078
0.686,3.063,2.156
0.680,3.000,2.344
0.664,3.000,1.938
0.678,3.016,2.250
40,100,
0.783,5.844,0.109
0.565,4.234,0.016
0.680,5.172,0.000
0.744,5.688,0.063
0.606,4.500,0.000
0.656,4.922,0.016
0.601,4.563,0.047
0.596,4.344,0.031
0.777,6.000,0.031
0.736,5.531,0.031
40,1000,
0.595,4.594,0.000
0.743,5.656,0.000
0.721,5.438,0.031
0.720,5.516,0.000
0.687,5.156,0.016
0.812,6.094,0.016
0.577,4.375,0.016
0.539,3.938,0.000
0.707,5.344,0.016
0.610,4.625,0.016
40,10000,
0.803,6.016,0.016
0.629,4.750,0.016
0.693,5.188,0.016
0.767,5.641,0.016
0.612,4.578,0.000
0.715,5.438,0.016
0.668,5.016,0.000
0.701,5.297,0.000
0.753,5.750,0.016
0.557,4.094,0.000
40,100000,
0.793,5.969,0.016
0.633,4.766,0.016
0.584,4.281,0.016
0.745,5.719,0.000
0.789,5.859,0.000
0.776,5.844,0.016
0.770,5.859,0.000
0.606,4.453,0.000
0.703,5.266,0.000
0.599,4.609,0.000
40,1000000,
0.792,6.094,0.000
0.631,4.828,0.000
0.704,5.313,0.031
0.587,4.359,0.000
0.638,4.813,0.016
0.613,4.688,0.031
0.693,5.219,0.000
0.611,4.578,0.000
0.715,5.516,0.000
0.705,5.359,0.078
40,10000000,
0.681,5.156,0.094
0.694,5.141,0.125
0.632,4.719,0.078
0.591,4.406,0.000
0.722,5.359,0.047
0.701,5.313,0.031
0.670,4.984,0.063
0.689,5.250,0.078
0.761,5.734,0.063
0.693,5.125,0.063
40,100000000,
0.672,4.969,0.016
0.724,5.406,0.016
0.640,4.719,0.016
0.729,5.469,0.016
0.607,4.641,0.016
0.635,4.750,0.031
0.620,4.656,0.000
0.707,5.250,0.016
0.590,4.438,0.000
0.615,4.641,0.031
50,1,
2.934,5.516,17.359
2.916,6.078,16.406
3.018,6.078,17.578
2.898,5.672,17.047
2.859,5.641,16.688
2.840,5.906,16.297
2.886,5.359,17.328
2.890,5.406,17.328
2.882,5.766,16.734
2.942,6.031,16.906
50,10,
0.667,2.875,2.234
0.616,2.578,2.141
0.624,2.313,2.500
0.623,2.688,2.188
0.623,2.453,2.219
0.623,2.609,2.109
0.646,2.781,2.094
0.655,2.578,2.453
0.693,2.969,2.281
0.623,2.734,2.063
50,100,
0.591,4.422,0.063
0.750,5.672,0.047
0.617,4.594,0.078
0.536,3.984,0.031
0.584,4.344,0.063
0.660,4.969,0.031
0.605,4.453,0.047
0.554,4.078,0.109
0.598,4.453,0.047
0.658,4.828,0.031
50,1000,
0.707,5.359,0.016
0.585,4.438,0.047
0.642,4.844,0.000
0.530,3.969,0.016
0.593,4.453,0.000
0.587,4.359,0.031
0.650,4.906,0.031
0.675,5.188,0.063
0.673,5.125,0.078
0.743,5.828,0.016
50,10000,
0.649,4.953,0.000
0.701,5.250,0.016
0.646,4.859,0.031
0.689,5.188,0.000
0.638,4.906,0.016
0.720,5.422,0.031
0.645,4.813,0.031
0.711,5.422,0.000
0.625,4.797,0.000
0.718,5.484,0.016
50,100000,
0.668,4.969,0.031
0.663,5.031,0.016
0.665,4.891,0.031
0.639,4.891,0.031
0.689,5.266,0.000
0.710,5.406,0.016
0.670,5.172,0.016
0.673,5.156,0.000
0.731,5.438,0.031
0.651,4.953,0.000
50,1000000,
0.697,5.281,0.000
0.688,5.297,0.000
0.672,5.125,0.047
0.709,5.453,0.031
0.625,4.688,0.078
0.708,5.422,0.047
0.714,5.469,0.094
0.710,5.438,0.063
0.699,5.344,0.016
0.709,5.438,0.000
50,10000000,
0.595,4.344,0.000
0.637,4.938,0.000
0.716,5.547,0.031
0.712,5.344,0.031
0.701,5.297,0.016
0.750,5.766,0.016
0.680,5.344,0.000
0.630,4.688,0.031
0.685,5.250,0.016
0.707,5.375,0.000
50,100000000,
0.658,4.969,0.047
0.602,4.484,0.016
0.589,4.406,0.016
0.654,5.063,0.000
0.712,5.422,0.000
0.652,4.938,0.031
0.685,5.219,0.000
0.597,4.469,0.000
0.658,5.031,0.016
0.688,5.266,0.000
60,1,
2.867,5.859,16.641
2.935,5.656,17.500
2.853,5.688,16.625
2.961,5.781,17.609
2.958,5.969,17.266
2.872,5.578,16.953
2.954,5.766,17.484
2.921,5.609,17.297
2.950,6.016,17.156
2.833,5.563,16.063
60,10,
0.674,2.578,2.297
0.578,1.984,1.844
0.603,2.406,1.984
0.604,2.406,1.906
0.631,2.563,1.922
0.527,1.813,1.422
0.579,1.969,1.609
0.521,1.766,1.453
0.588,2.656,1.516
0.556,1.891,1.703
60,100,
0.646,4.609,0.016
0.513,3.750,0.063
0.472,3.063,0.047
0.430,2.734,0.000
0.601,4.531,0.031
0.562,4.047,0.094
0.725,5.313,0.078
0.702,5.453,0.000
0.391,2.406,0.047
0.421,2.656,0.063
60,1000,
0.646,4.000,0.094
0.607,4.281,0.000
0.638,4.266,0.031
0.598,3.906,0.063
0.678,5.141,0.016
0.731,5.500,0.047
0.717,5.391,0.047
0.691,5.281,0.063
0.733,5.641,0.063
0.650,4.922,0.078
60,10000,
0.761,5.828,0.047
0.614,4.563,0.047
0.791,6.031,0.063
0.725,5.531,0.000
0.708,5.391,0.031
0.740,5.750,0.016
0.750,5.719,0.016
0.621,4.688,0.031
0.795,6.109,0.078
0.619,4.688,0.016
60,100000,
0.629,4.594,0.047
0.712,5.328,0.016
0.702,5.281,0.016
0.701,5.297,0.000
0.727,5.500,0.063
0.804,6.266,0.000
0.656,4.844,0.063
0.737,5.609,0.047
0.594,4.344,0.047
0.753,5.859,0.047
60,1000000,
0.632,4.797,0.000
0.691,5.344,0.000
0.721,5.484,0.016
0.647,4.875,0.000
0.758,5.906,0.000
0.664,5.063,0.000
0.721,5.500,0.000
0.603,3.781,0.047
0.703,4.938,0.031
0.687,5.250,0.016
60,10000000,
0.708,5.359,0.047
0.651,4.891,0.000
0.678,5.156,0.016
0.622,4.625,0.016
0.723,5.516,0.031
0.610,4.516,0.047
0.761,5.828,0.047
0.606,4.531,0.000
0.693,5.328,0.016
0.682,5.203,0.000
60,100000000,
0.761,5.641,0.047
0.644,4.859,0.031
0.660,4.984,0.016
0.616,4.625,0.031
0.737,5.578,0.016
0.766,5.859,0.063
0.710,5.375,0.047
0.679,5.094,0.063
0.743,5.563,0.016
0.611,4.609,0.016
70,1,
2.841,5.891,16.344
2.932,5.984,16.547
2.772,5.391,15.359
2.882,5.859,16.203
2.998,5.953,17.375
2.964,5.297,18.094
2.853,5.594,16.703
2.855,5.578,16.516
2.782,5.453,15.234
2.916,5.469,17.188
70,10,
0.650,2.375,2.516
0.568,2.219,2.125
0.570,2.141,1.906
0.636,2.266,2.484
0.570,2.156,2.031
0.622,2.203,2.250
0.576,1.984,2.297
0.573,2.031,2.219
0.579,2.328,2.016
0.570,2.344,2.031
70,100,
0.674,4.859,0.094
0.775,5.906,0.078
0.666,5.047,0.125
0.738,5.625,0.109
0.674,5.063,0.094
0.680,5.172,0.078
0.705,5.406,0.141
0.754,5.672,0.125
0.293,1.641,0.078
0.689,4.906,0.141
70,1000,
0.685,5.078,0.031
0.697,5.344,0.016
0.574,4.313,0.063
0.616,4.719,0.000
0.604,4.484,0.016
0.734,5.422,0.094
0.752,5.688,0.156
0.636,4.906,0.016
0.788,5.969,0.016
0.611,4.609,0.016
70,10000,
0.691,5.203,0.016
0.653,4.969,0.000
0.637,4.594,0.047
0.695,5.281,0.016
0.609,4.438,0.047
0.684,5.266,0.031
0.746,5.656,0.047
0.722,5.500,0.016
0.587,4.438,0.094
0.669,5.078,0.109
70,100000,
0.670,5.078,0.031
0.722,5.547,0.047
0.561,4.094,0.141
0.653,4.844,0.141
0.617,4.719,0.047
0.749,5.719,0.063
0.661,5.016,0.141
0.678,5.156,0.063
0.661,5.078,0.078
0.707,5.484,0.063
70,1000000,
0.788,5.969,0.047
0.701,5.281,0.016
0.558,4.125,0.063
0.826,6.375,0.078
0.682,5.109,0.047
0.560,4.094,0.031
0.682,5.203,0.016
0.616,4.578,0.000
0.656,4.906,0.000
0.651,5.016,0.016
70,10000000,
0.693,5.266,0.031
0.635,4.781,0.047
0.733,5.609,0.063
0.692,5.156,0.141
0.726,5.422,0.109
0.789,5.938,0.125
0.716,5.453,0.156
0.692,5.359,0.063
0.738,5.469,0.109
0.674,5.141,0.094
70,100000000,
0.785,5.984,0.109
0.731,5.609,0.109
0.683,5.156,0.109
0.666,5.047,0.094
0.709,5.453,0.078
0.772,5.859,0.141
0.721,5.406,0.109
0.620,4.641,0.109
0.709,5.422,0.109
0.695,5.344,0.016
80,1,
2.878,5.906,16.625
2.812,5.422,16.672
2.755,4.766,14.531
2.918,5.453,16.359
2.869,5.141,17.469
2.794,5.734,16.219
2.775,5.172,16.625
2.838,5.844,16.391
2.871,5.641,16.781
2.885,5.297,17.375
80,10,
0.571,1.906,2.422
0.553,1.891,2.281
0.553,2.281,1.969
0.562,2.188,2.094
0.569,2.063,2.313
0.562,2.125,2.109
0.628,2.016,2.766
0.555,1.578,2.516
0.562,2.266,1.984
0.567,2.203,2.109
80,100,
0.673,5.016,0.047
0.628,4.688,0.031
0.504,3.578,0.031
0.792,6.094,0.016
0.646,4.750,0.078
0.787,5.906,0.063
0.765,5.625,0.078
0.733,5.500,0.047
0.660,4.906,0.031
0.717,5.344,0.016
80,1000,
0.625,4.703,0.016
0.578,4.188,0.063
0.641,4.750,0.016
0.765,5.766,0.000
0.685,5.125,0.047
0.717,5.391,0.016
0.722,5.531,0.031
0.804,6.031,0.016
0.562,4.219,0.000
0.696,5.203,0.031
80,10000,
0.795,5.984,0.063
0.749,5.469,0.016
0.774,5.766,0.016
0.689,5.016,0.031
0.684,5.109,0.031
0.720,5.328,0.016
0.651,4.984,0.016
0.805,6.094,0.063
0.778,5.906,0.047
0.646,4.719,0.016
80,100000,
0.828,6.250,0.016
0.617,4.594,0.031
0.862,6.625,0.016
0.837,6.422,0.016
0.818,6.156,0.031
0.802,6.078,0.016
0.790,6.016,0.000
0.653,4.906,0.031
0.762,5.813,0.031
0.744,5.656,0.109
80,1000000,
0.756,5.641,0.063
0.634,4.719,0.031
0.660,4.984,0.031
0.713,5.359,0.000
0.809,6.141,0.016
0.684,5.125,0.016
0.588,4.438,0.047
0.786,5.938,0.031
0.781,6.031,0.016
0.643,4.750,0.031
80,10000000,
0.659,4.938,0.016
0.674,5.109,0.016
0.854,6.422,0.078
0.780,5.844,0.031
0.757,5.672,0.016
0.707,5.359,0.016
0.853,6.594,0.016
0.767,5.875,0.000
0.737,5.547,0.063
0.717,5.438,0.031
80,100000000,
0.682,5.047,0.031
0.681,5.047,0.031
0.738,5.547,0.031
0.661,5.109,0.000
0.769,5.859,0.031
0.753,5.641,0.016
0.788,5.969,0.016
0.759,5.656,0.047
0.789,6.063,0.031
0.634,4.750,0.016
90,1,
2.840,5.484,16.828
2.845,5.594,16.703
2.820,5.438,16.359
2.800,5.500,16.234
2.842,5.297,16.922
2.797,5.453,16.453
2.904,5.188,17.313
2.821,5.438,16.531
2.893,5.469,17.172
2.958,6.094,17.125
90,10,
0.594,2.094,2.391
0.557,2.203,2.000
0.565,2.234,2.063
0.592,2.328,2.156
0.562,2.094,2.219
0.554,2.156,2.016
0.553,2.328,1.891
0.625,2.406,2.250
0.569,2.234,2.063
0.563,2.203,2.141
90,100,
0.708,5.328,0.047
0.720,5.422,0.047
0.760,5.656,0.078
0.802,6.000,0.047
0.685,5.172,0.016
0.705,5.297,0.047
0.593,4.453,0.016
0.678,4.984,0.047
0.754,5.672,0.031
0.782,5.703,0.094
90,1000,
0.696,5.109,0.031
0.680,5.094,0.031
0.652,4.859,0.016
0.742,5.563,0.000
0.742,5.688,0.063
0.656,4.938,0.016
0.679,5.063,0.047
0.741,5.531,0.016
0.818,6.234,0.063
0.735,5.344,0.031
90,10000,
0.714,5.313,0.063
0.609,4.453,0.047
0.715,5.406,0.063
0.739,5.563,0.078
0.693,5.125,0.031
0.660,5.000,0.047
0.718,5.406,0.031
0.663,4.906,0.016
0.675,5.094,0.078
0.657,4.953,0.000
90,100000,
0.709,5.359,0.031
0.792,5.953,0.031
0.716,5.344,0.031
0.720,5.391,0.047
0.636,4.719,0.000
0.712,5.219,0.016
0.696,5.297,0.000
0.721,5.438,0.031
0.704,5.250,0.031
0.681,5.063,0.078
90,1000000,
0.854,6.469,0.031
0.662,4.953,0.016
0.656,4.938,0.031
0.729,5.609,0.031
0.571,4.172,0.078
0.673,5.000,0.063
0.773,5.859,0.078
0.804,6.016,0.125
0.670,5.031,0.156
0.744,5.656,0.141
90,10000000,
0.696,5.266,0.094
0.718,5.484,0.125
0.747,5.609,0.172
0.662,4.984,0.141
0.677,5.000,0.016
0.687,5.172,0.031
0.717,5.328,0.063
0.724,5.500,0.031
0.704,5.156,0.031
0.771,5.781,0.031
90,100000000,
0.834,6.344,0.031
0.679,5.078,0.016
0.651,4.922,0.047
0.553,4.125,0.031
0.777,5.875,0.047
0.767,5.719,0.031
0.743,5.641,0.031
0.659,5.016,0.000
0.731,5.547,0.047
0.669,5.000,0.172
100,1,
2.934,5.594,17.578
2.890,5.703,17.172
2.867,5.453,17.094
2.757,4.828,16.891
2.912,5.953,17.047
2.759,5.500,16.250
2.873,5.672,17.141
2.888,5.391,17.469
2.877,5.063,17.547
2.836,5.875,16.563
100,10,
0.571,2.203,2.125
0.550,1.891,2.266
0.553,1.969,2.188
0.541,1.750,2.297
0.555,1.813,2.406
0.549,1.766,2.250
0.540,1.922,2.141
0.554,1.922,2.250
0.593,2.250,2.313
0.552,1.891,2.406
100,100,
0.649,4.703,0.234
0.565,4.234,0.125
0.760,5.688,0.156
0.697,5.266,0.078
0.549,4.047,0.188
0.608,4.406,0.203
0.478,3.609,0.141
0.760,5.734,0.141
0.725,5.438,0.172
0.733,5.625,0.109
100,1000,
0.660,4.844,0.031
0.721,5.344,0.016
0.782,5.781,0.016
0.748,5.625,0.031
0.614,4.609,0.031
0.580,4.297,0.000
0.693,5.234,0.047
0.606,4.500,0.031
0.750,5.547,0.094
0.723,5.500,0.031
100,10000,
0.761,5.672,0.078
0.590,4.313,0.078
0.779,5.719,0.234
0.710,5.438,0.125
0.737,5.469,0.094
0.601,4.375,0.078
0.727,5.328,0.125
0.719,5.359,0.172
0.781,5.766,0.219
0.704,5.313,0.156
100,100000,
0.762,5.563,0.141
0.720,5.469,0.156
0.731,5.484,0.156
0.581,4.328,0.156
0.737,5.469,0.172
0.762,5.766,0.156
0.838,6.219,0.188
0.615,4.625,0.125
0.693,5.266,0.109
0.722,5.438,0.094
100,1000000,
0.636,4.766,0.094
0.750,5.625,0.203
0.715,5.406,0.172
0.598,4.516,0.125
0.617,4.563,0.203
0.747,5.703,0.156
0.605,4.516,0.141
0.678,5.109,0.156
0.697,5.250,0.094
0.716,5.234,0.203
100,10000000,
0.768,5.828,0.109
0.578,4.297,0.125
0.748,5.625,0.156
0.735,5.641,0.109
0.740,5.563,0.016
0.768,5.656,0.047
0.570,4.375,0.031
0.724,5.266,0.016
0.751,5.750,0.031
0.714,5.234,0.031
100,100000000,
0.629,4.688,0.063
0.730,5.453,0.016
0.673,5.094,0.031
0.624,4.750,0.016
0.724,5.516,0.016
0.789,6.031,0.016
0.773,5.844,0.031
0.650,5.000,0.016
0.527,3.875,0.016
0.615,4.531,0.078
200,1,
2.870,5.156,17.297
2.842,5.234,16.891
2.762,5.172,15.859
2.872,5.281,17.047
2.718,5.078,16.047
2.715,5.203,15.875
2.862,5.531,16.750
2.885,5.594,16.938
2.877,5.313,17.063
2.774,5.219,16.359
200,10,
0.554,2.047,2.094
0.515,1.813,2.031
0.573,1.922,2.406
0.591,2.031,2.344
0.521,1.609,2.297
0.529,1.734,2.281
0.532,1.703,2.219
0.516,1.781,2.109
0.526,1.656,2.297
0.571,2.047,2.297
200,100,
0.626,4.453,0.344
0.755,5.563,0.156
0.714,5.266,0.156
0.533,3.594,0.422
0.691,5.109,0.219
0.768,5.516,0.422
0.711,5.109,0.344
0.559,4.047,0.172
0.552,3.906,0.359
0.577,4.219,0.109
200,1000,
0.716,5.078,0.172
0.596,4.203,0.109
0.490,3.438,0.125
0.606,4.156,0.172
0.709,5.000,0.125
0.757,5.578,0.203
0.627,4.406,0.422
0.714,5.219,0.328
0.702,5.359,0.094
0.564,4.109,0.250
200,10000,
0.563,3.938,0.297
0.613,4.563,0.156
0.507,3.484,0.313
0.704,4.953,0.422
0.648,4.453,0.422
0.570,4.016,0.375
0.623,4.531,0.281
0.565,4.266,0.125
0.577,4.031,0.359
0.549,3.750,0.422
200,100000,
0.562,4.078,0.141
0.564,3.828,0.141
0.692,4.844,0.094
0.753,5.438,0.078
0.713,5.250,0.250
0.596,4.219,0.281
0.576,4.172,0.313
0.671,4.938,0.156
0.733,5.391,0.219
0.544,3.797,0.344
200,1000000,
0.600,4.234,0.063
0.588,4.219,0.063
0.585,4.031,0.125
0.673,4.766,0.156
0.533,3.750,0.063
0.563,3.922,0.141
0.718,5.172,0.125
0.721,5.406,0.094
0.569,3.891,0.438
0.661,4.688,0.391
200,10000000,
0.698,5.156,0.188
0.691,4.984,0.281
0.643,4.500,0.078
0.754,5.531,0.094
0.597,4.156,0.125
0.600,4.484,0.078
0.675,4.813,0.109
0.588,4.125,0.188
0.611,4.313,0.156
0.698,5.078,0.109
200,100000000,
0.669,4.859,0.188
0.626,4.391,0.063
0.686,4.906,0.078
0.516,3.734,0.156
0.598,4.344,0.203
0.746,5.297,0.094
0.702,4.938,0.125
0.676,4.938,0.094
0.609,4.344,0.078
0.638,4.625,0.141
300,1,
2.828,5.516,16.313
2.798,5.016,16.656
2.796,5.172,16.688
2.685,5.531,15.250
2.847,5.422,16.688
2.814,5.000,16.891
2.904,5.500,17.031
2.816,5.516,16.297
2.804,5.609,16.156
2.824,5.078,16.781
300,10,
0.514,1.813,1.813
0.512,1.359,2.422
0.521,1.750,2.031
0.502,1.516,2.234
0.566,1.766,2.266
0.503,1.844,1.813
0.574,1.922,2.391
0.578,1.813,2.359
0.513,1.516,2.281
0.513,1.406,2.359
300,100,
0.608,4.250,0.141
0.587,3.969,0.172
0.544,3.766,0.141
0.712,5.234,0.094
0.696,5.078,0.203
0.662,4.797,0.188
0.584,4.156,0.109
0.582,3.938,0.141
0.666,4.656,0.281
0.645,4.500,0.063
300,1000,
0.683,4.719,0.281
0.536,3.594,0.156
0.609,4.219,0.094
0.665,4.656,0.250
0.637,4.563,0.125
0.529,3.484,0.109
0.679,4.766,0.141
0.718,5.266,0.219
0.555,3.734,0.094
0.565,3.891,0.078
300,10000,
0.692,4.844,0.219
0.542,3.906,0.109
0.625,4.281,0.156
0.679,4.953,0.203
0.605,4.156,0.109
0.638,4.578,0.234
0.669,4.672,0.141
0.684,5.047,0.234
0.674,4.641,0.125
0.576,4.000,0.094
300,100000,
0.745,5.297,0.219
0.532,3.609,0.078
0.592,4.297,0.203
0.593,4.031,0.109
0.682,4.766,0.109
0.606,4.281,0.156
0.709,5.063,0.125
0.691,4.891,0.172
0.732,4.969,0.156
0.699,4.969,0.094
300,1000000,
0.582,3.984,0.172
0.509,3.391,0.375
0.543,3.859,0.250
0.686,4.859,0.141
0.548,3.781,0.141
0.591,4.078,0.078
0.561,3.938,0.156
0.626,4.313,0.109
0.664,4.719,0.141
0.704,4.875,0.188
300,10000000,
0.581,4.219,0.188
0.604,4.047,0.141
0.625,4.359,0.172
0.727,5.281,0.266
0.487,3.328,0.141
0.630,4.641,0.172
0.675,4.672,0.078
0.546,3.781,0.109
0.612,4.078,0.094
0.590,4.016,0.219
300,100000000,
0.576,4.000,0.250
0.603,4.156,0.172
0.608,4.156,0.188
0.583,3.953,0.109
0.518,3.500,0.125
0.691,4.672,0.125
0.689,4.766,0.172
0.665,4.469,0.156
0.553,3.750,0.156
0.687,5.078,0.188
400,1,
2.771,5.609,16.031
2.818,5.531,16.578
2.859,5.625,16.688
2.790,5.234,16.656
2.815,5.000,16.953
2.711,5.109,15.875
2.690,4.813,16.016
2.700,5.453,15.594
2.784,5.203,16.672
2.855,5.641,16.625
400,10,
0.504,1.563,2.219
0.522,1.703,2.156
0.519,1.531,2.234
0.492,1.469,2.156
0.587,1.969,2.391
0.509,1.578,2.125
0.512,1.563,2.219
0.527,1.906,1.984
0.525,1.594,2.313
0.507,1.625,2.125
400,100,
0.547,3.734,0.297
0.655,4.453,0.438
0.594,3.906,0.281
0.569,3.797,0.313
0.531,3.406,0.250
0.548,3.563,0.328
0.658,4.625,0.313
0.608,4.125,0.234
0.661,4.438,0.141
0.645,4.266,0.203
400,1000,
0.694,4.703,0.188
0.510,3.359,0.266
0.441,2.750,0.313
0.601,3.984,0.328
0.515,3.422,0.141
0.682,4.563,0.250
0.542,3.688,0.156
0.701,4.781,0.281
0.669,4.453,0.328
0.590,4.016,0.219
400,10000,
0.644,4.484,0.250
0.655,4.422,0.281
0.658,4.453,0.281
0.684,4.656,0.281
0.655,4.500,0.156
0.541,3.453,0.328
0.617,4.219,0.203
0.633,4.422,0.203
0.580,4.156,0.203
0.632,4.125,0.234
400,100000,
0.585,3.781,0.297
0.570,3.766,0.344
0.620,4.328,0.219
0.574,3.859,0.281
0.686,4.844,0.234
0.609,4.109,0.141
0.594,3.953,0.250
0.566,3.781,0.281
0.509,3.234,0.234
0.617,4.078,0.328
400,1000000,
0.642,4.203,0.266
0.600,4.016,0.094
0.604,4.188,0.234
0.542,3.703,0.234
0.510,3.391,0.125
0.622,4.141,0.297
0.556,3.703,0.281
0.573,3.703,0.266
0.635,4.406,0.234
0.695,4.734,0.328
400,10000000,
0.560,3.531,0.234
0.620,4.266,0.234
0.607,4.063,0.203
0.639,4.281,0.172
0.672,4.672,0.156
0.532,3.531,0.156
0.561,3.688,0.266
0.662,4.453,0.203
0.500,3.328,0.359
0.509,3.281,0.469
400,100000000,
0.647,4.313,0.344
0.720,4.750,0.688
0.563,3.656,0.641
0.500,3.234,0.516
0.517,3.516,0.391
0.695,4.922,0.375
0.608,4.203,0.359
0.583,4.016,0.391
0.647,4.406,0.547
0.616,4.344,0.266
500,1,
2.710,5.219,15.563
2.863,5.219,16.703
2.817,4.672,17.219
2.806,5.250,16.344
2.644,4.641,15.422
2.755,4.906,15.922
2.729,5.641,15.250
2.852,5.172,16.859
2.805,4.953,16.656
2.795,5.156,16.359
500,10,
0.573,1.719,2.281
0.500,1.125,2.281
0.582,1.516,2.391
0.511,1.250,2.125
0.500,1.531,1.984
0.511,1.547,2.063
0.506,1.469,2.047
0.544,1.578,2.281
0.499,1.641,1.750
0.558,1.516,2.469
500,100,
0.656,4.313,0.203
0.620,4.125,0.297
0.530,3.359,0.344
0.605,3.750,0.422
0.626,4.219,0.359
0.643,4.406,0.250
0.585,3.906,0.344
0.660,4.438,0.438
0.488,3.078,0.328
0.712,4.703,0.578
500,1000,
0.709,4.609,0.313
0.479,3.109,0.125
0.581,3.891,0.266
0.582,3.781,0.328
0.452,2.859,0.313
0.525,3.344,0.297
0.657,4.359,0.422
0.550,3.516,0.344
0.643,4.344,0.234
0.488,3.266,0.297
500,10000,
0.621,4.031,0.219
0.486,3.172,0.266
0.479,3.031,0.313
0.599,3.922,0.313
0.481,3.125,0.359
0.523,3.203,0.375
0.510,3.219,0.234
0.581,3.984,0.234
0.600,4.047,0.281
0.479,3.031,0.281
500,100000,
0.614,4.172,0.234
0.598,3.844,0.344
0.567,3.563,0.266
0.513,3.359,0.156
0.555,3.688,0.344
0.668,4.391,0.391
0.669,4.547,0.359
0.520,3.375,0.547
0.622,4.266,0.359
0.608,4.047,0.344
500,1000000,
0.696,4.531,0.547
0.516,3.531,0.313
0.526,3.453,0.531
0.612,4.047,0.563
0.562,3.797,0.547
0.587,3.813,0.531
0.645,4.250,0.563
0.678,4.594,0.531
0.550,3.594,0.250
0.454,2.906,0.234
500,10000000,
0.627,4.203,0.203
0.442,2.859,0.219
0.580,3.953,0.219
0.534,3.469,0.422
0.614,4.047,0.359
0.572,3.625,0.313
0.545,3.625,0.344
0.434,2.719,0.188
0.456,2.891,0.281
0.623,4.203,0.375
500,100000000,
0.556,3.672,0.328
0.657,4.406,0.297
0.638,4.281,0.219
0.423,2.766,0.219
0.632,4.172,0.281
0.546,3.484,0.344
0.528,3.563,0.219
0.698,4.656,0.359
0.463,2.859,0.281
0.615,4.125,0.156
600,1,
2.802,4.781,16.750
2.739,4.859,16.203
2.794,4.953,16.344
2.805,5.219,16.453
2.779,5.141,16.328
2.715,4.781,16.031
2.788,5.313,16.266
2.770,4.859,16.438
2.777,5.219,15.906
2.857,4.875,16.906
600,10,
0.499,1.438,1.984
0.512,1.625,2.016
0.572,1.609,2.344
0.520,1.578,1.984
0.497,1.281,1.984
0.555,1.766,2.063
0.580,1.359,2.656
0.512,1.625,1.813
0.501,1.516,1.859
0.508,1.391,2.031
600,100,
0.558,3.234,0.625
0.558,3.422,0.469
0.614,3.859,0.531
0.627,4.016,0.391
0.560,3.547,0.281
0.643,4.125,0.609
0.538,3.375,0.625
0.582,3.734,0.656
0.561,3.438,0.609
0.707,4.609,0.641
600,1000,
0.623,3.844,0.391
0.567,3.641,0.375
0.567,3.531,0.656
0.535,3.328,0.625
0.501,2.891,0.688
0.600,3.828,0.531
0.522,3.344,0.453
0.669,4.266,0.797
0.644,4.234,0.563
0.582,3.578,0.656
600,10000,
0.663,4.422,0.469
0.526,3.250,0.594
0.553,3.578,0.531
0.491,3.016,0.594
0.546,3.484,0.375
0.623,3.969,0.422
0.543,3.391,0.344
0.536,3.234,0.297
0.512,3.031,0.500
0.519,3.266,0.328
600,100000,
0.474,2.969,0.188
0.568,3.563,0.406
0.525,3.266,0.578
0.668,4.313,0.563
0.555,3.578,0.422
0.580,3.797,0.375
0.527,3.391,0.500
0.629,4.219,0.422
0.655,4.266,0.641
0.544,3.453,0.406
600,1000000,
0.679,4.578,0.547
0.570,3.688,0.516
0.589,3.688,0.313
0.498,3.203,0.375
0.490,3.141,0.297
0.551,3.563,0.438
0.490,3.031,0.453
0.500,3.031,0.391
0.594,3.906,0.266
0.607,3.766,0.328
600,10000000,
0.647,4.063,0.516
0.608,3.969,0.578
0.595,3.813,0.609
0.455,2.703,0.563
0.568,3.641,0.563
0.600,3.781,0.516
0.522,3.266,0.672
0.570,3.547,0.641
0.658,4.188,0.734
0.658,4.250,0.641
600,100000000,
0.578,3.500,0.391
0.537,3.516,0.266
0.594,3.766,0.391
0.541,3.563,0.359
0.606,3.891,0.422
0.515,3.172,0.375
0.629,4.016,0.391
0.511,3.266,0.563
0.616,4.063,0.641
0.628,4.016,0.516
700,1,
2.737,4.750,16.172
2.642,4.828,15.422
2.696,4.844,15.969
2.761,4.969,16.125
2.777,4.859,16.469
2.742,5.000,15.688
2.806,5.078,16.156
2.815,4.969,16.375
2.840,5.078,16.547
2.751,5.281,15.906
700,10,
0.606,1.641,2.484
0.566,1.781,2.078
0.522,1.266,2.250
0.498,1.531,1.875
0.537,1.578,1.984
0.549,1.703,2.063
0.504,1.625,1.938
0.558,1.484,2.406
0.515,1.563,1.875
0.511,1.406,2.016
700,100,
0.620,3.563,0.500
0.491,2.875,0.656
0.557,3.406,0.297
0.634,3.875,0.531
0.574,3.344,0.500
0.606,3.891,0.297
0.624,3.641,0.656
0.668,4.328,0.297
0.632,3.922,0.516
0.581,3.484,0.375
700,1000,
0.616,3.750,0.484
0.557,3.531,0.500
0.677,4.125,0.438
0.572,3.500,0.516
0.606,3.781,0.563
0.568,3.406,0.594
0.531,3.234,0.344
0.531,3.266,0.359
0.620,3.969,0.484
0.583,3.609,0.594
700,10000,
0.582,3.625,0.438
0.622,3.797,0.391
0.552,3.219,0.516
0.684,4.391,0.531
0.638,3.953,0.531
0.616,3.969,0.719
0.607,3.844,0.453
0.514,3.063,0.391
0.473,2.969,0.375
0.607,4.016,0.391
700,100000,
0.593,3.719,0.609
0.584,3.594,0.734
0.644,4.109,0.484
0.509,3.266,0.422
0.526,2.984,0.469
0.690,4.406,0.297
0.575,3.641,0.234
0.744,4.719,0.484
0.603,3.719,0.625
0.653,4.016,0.625
700,1000000,
0.511,3.000,0.625
0.661,4.188,0.656
0.635,4.109,0.609
0.595,3.875,0.547
0.548,3.469,0.516
0.590,3.672,0.641
0.699,4.422,0.781
0.650,4.031,0.906
0.589,3.781,0.656
0.708,4.578,0.734
700,10000000,
0.639,3.953,0.406
0.585,3.609,0.703
0.553,3.391,0.594
0.508,3.063,0.734
0.565,3.375,0.547
0.626,4.047,0.422
0.638,3.922,0.563
0.537,3.297,0.734
0.600,3.719,0.453
0.583,3.703,0.734
700,100000000,
0.584,3.609,0.609
0.613,3.609,0.688
0.465,2.906,0.609
0.559,3.422,0.609
0.583,3.453,0.641
0.684,4.469,0.500
0.552,3.547,0.641
0.612,3.891,0.391
0.648,4.156,0.313
0.618,3.797,0.438
800,1,
2.677,4.703,15.500
2.698,4.953,15.594
2.627,4.359,15.625
2.761,4.969,15.984
2.634,5.016,15.063
2.706,4.594,16.016
2.807,4.922,16.563
2.728,5.172,15.484
2.595,4.516,15.188
2.695,5.094,15.063
800,10,
0.516,1.656,1.875
0.572,1.719,2.156
0.529,1.703,1.844
0.570,1.453,2.359
0.577,1.516,2.391
0.505,1.578,2.000
0.517,1.313,2.141
0.567,1.656,2.172
0.505,1.422,1.828
0.519,1.625,1.813
800,100,
0.614,3.469,0.688
0.510,3.016,0.609
0.553,3.250,0.453
0.535,3.078,0.578
0.592,3.594,0.375
0.644,4.000,0.484
0.590,3.516,0.578
0.534,3.313,0.219
0.573,3.438,0.563
0.593,3.547,0.609
800,1000,
0.602,3.594,0.359
0.604,3.547,0.625
0.599,3.641,0.531
0.569,3.547,0.281
0.585,3.438,0.609
0.514,2.781,0.719
0.672,4.250,0.531
0.630,3.719,0.688
0.603,3.641,0.344
0.572,3.500,0.422
800,10000,
0.652,4.172,0.375
0.626,3.906,0.484
0.609,3.781,0.609
0.628,3.906,0.422
0.566,3.313,0.547
0.565,3.422,0.313
0.615,3.750,0.375
0.530,3.219,0.438
0.613,3.813,0.391
0.487,2.750,0.422
800,100000,
0.680,4.188,0.563
0.546,3.141,0.469
0.656,3.859,0.609
0.548,3.266,0.406
0.599,3.656,0.359
0.535,3.203,0.391
0.599,3.516,0.531
0.650,3.875,0.641
0.625,3.906,0.531
0.560,3.453,0.406
800,1000000,
0.610,3.781,0.406
0.596,3.688,0.359
0.629,3.859,0.359
0.614,3.828,0.453
0.555,3.359,0.531
0.473,2.563,0.641
0.585,3.516,0.406
0.560,3.453,0.484
0.573,3.266,0.688
0.590,3.594,0.516
800,10000000,
0.538,3.094,0.609
0.585,3.563,0.313
0.510,3.063,0.344
0.613,3.641,0.469
0.536,3.234,0.500
0.547,3.281,0.563
0.647,4.016,0.453
0.615,3.750,0.328
0.633,4.063,0.484
0.560,3.313,0.406
800,100000000,
0.541,3.172,0.531
0.542,3.297,0.359
0.555,3.359,0.469
0.597,3.641,0.609
0.622,3.953,0.328
0.595,3.703,0.641
0.576,3.484,0.547
0.588,3.500,0.484
0.577,3.516,0.422
0.549,3.297,0.516
900,1,
2.770,4.375,16.609
2.747,4.719,16.172
2.697,4.969,15.578
2.792,4.438,16.875
2.791,4.906,16.328
2.653,4.781,15.484
2.825,5.109,16.313
2.659,4.703,15.500
2.774,4.766,16.406
2.763,4.984,16.094
900,10,
0.546,1.516,2.000
0.566,1.641,2.328
0.551,1.359,2.344
0.573,1.563,2.500
0.585,1.703,2.188
0.521,1.563,1.906
0.525,1.484,1.938
0.556,1.781,2.063
0.515,1.625,1.766
0.569,1.703,2.063
900,100,
0.656,3.703,0.672
0.681,3.969,0.719
0.567,3.375,0.500
0.597,3.578,0.453
0.616,3.484,0.656
0.599,3.406,0.641
0.580,3.547,0.328
0.590,3.438,0.656
0.608,3.531,0.859
0.570,3.156,0.563
900,1000,
0.627,3.469,0.641
0.639,4.078,0.344
0.575,3.297,0.469
0.539,3.203,0.438
0.505,2.875,0.422
0.562,2.984,0.781
0.525,3.078,0.516
0.619,3.672,0.578
0.644,3.953,0.547
0.527,3.016,0.500
900,10000,
0.523,3.109,0.453
0.551,3.172,0.406
0.656,3.969,0.516
0.483,2.828,0.500
0.563,3.359,0.406
0.530,2.828,0.328
0.501,2.609,0.500
0.539,3.156,0.547
0.504,2.891,0.625
0.432,2.453,0.578
900,100000,
0.631,3.703,0.625
0.579,3.516,0.281
0.626,3.781,0.563
0.599,3.359,0.438
0.537,3.188,0.547
0.624,3.484,0.625
0.591,3.172,0.578
0.523,3.188,0.328
0.506,2.875,0.625
0.542,3.266,0.422
900,1000000,
0.556,3.063,0.578
0.595,3.453,0.453
0.537,3.219,0.469
0.571,3.391,0.359
0.552,3.141,0.578
0.545,3.297,0.453
0.549,3.500,0.297
0.539,3.219,0.563
0.572,3.047,0.781
0.469,2.594,0.688
900,10000000,
0.675,3.984,0.672
0.507,2.828,0.797
0.523,2.891,0.594
0.512,2.906,0.563
0.623,3.828,0.531
0.653,4.078,0.359
0.616,3.625,0.844
0.454,2.578,0.563
0.525,2.766,0.859
0.582,3.516,0.922
900,100000000,
0.560,3.297,0.391
0.479,2.406,0.688
0.598,3.516,0.438
0.619,3.703,0.750
0.553,3.063,0.750
0.609,3.500,0.672
0.557,2.984,0.750
0.573,3.391,0.453
0.553,3.266,0.656
0.569,3.094,0.828
1000,1,
2.708,4.500,15.953
2.686,4.719,15.594
2.732,5.156,15.375
2.763,4.906,15.938
2.682,4.516,15.766
2.656,4.328,15.172
2.626,4.484,15.359
2.726,4.734,15.641
2.727,4.672,16.063
2.726,5.141,15.484
1000,10,
0.613,1.766,2.219
0.538,1.563,2.078
0.516,1.563,1.875
0.532,1.359,2.313
0.568,1.594,2.219
0.533,1.641,1.922
0.564,1.719,2.031
0.531,1.484,2.031
0.561,1.734,1.938
0.574,1.594,2.328
1000,100,
0.560,2.984,0.938
0.536,2.891,0.781
0.546,3.047,0.422
0.599,3.344,0.516
0.561,3.266,0.469
0.498,2.641,0.688
0.534,2.938,0.609
0.603,3.563,0.328
0.519,2.875,0.563
0.545,3.172,0.422
1000,1000,
0.628,3.453,0.672
0.575,3.219,0.656
0.520,2.734,1.031
0.600,3.125,0.891
0.554,3.031,0.594
0.615,3.547,0.531
0.630,3.547,0.797
0.528,3.031,0.484
0.618,3.531,0.688
0.592,3.125,0.766
1000,10000,
0.556,3.141,0.438
0.584,3.359,0.641
0.557,2.750,0.813
0.509,2.844,0.375
0.562,2.984,0.656
0.690,4.047,0.734
0.585,3.313,0.594
0.601,3.391,0.750
0.526,2.906,0.609
0.553,3.078,0.391
1000,100000,
0.642,3.781,0.547
0.582,3.250,0.672
0.539,3.031,0.531
0.637,3.641,0.641
0.548,2.953,0.594
0.561,2.953,0.594
0.628,3.453,0.609
0.671,4.031,0.516
0.564,3.266,0.453
0.613,3.516,0.578
1000,1000000,
0.569,3.344,0.563
0.564,3.234,0.531
0.591,3.281,0.625
0.540,2.984,0.766
0.505,2.797,0.500
0.475,2.391,0.625
0.608,3.344,0.641
0.556,3.125,0.703
0.555,3.000,0.672
0.612,3.547,0.734
1000,10000000,
0.623,3.609,0.531
0.620,3.578,0.688
0.570,3.422,0.375
0.577,3.156,0.578
0.591,3.250,0.656
0.620,3.453,0.672
0.527,2.859,0.500
0.569,3.156,0.734
0.574,3.250,0.547
0.564,2.953,0.875
1000,100000000,
0.565,3.313,0.578
0.527,2.984,0.328
0.554,3.297,0.453
0.576,3.359,0.359
0.546,3.016,0.578
0.518,2.719,0.641
0.555,3.063,0.547
0.610,3.297,0.578
0.533,2.906,0.453
0.552,3.125,0.438
